{
  "ABIRoot": {
    "kind": "Root",
    "name": "IdxDmpSdk",
    "printedName": "IdxDmpSdk",
    "children": [
      {
        "kind": "TypeDecl",
        "name": "AsyncEventQueue",
        "printedName": "AsyncEventQueue",
        "declKind": "Class",
        "usr": "s:9IdxDmpSdk15AsyncEventQueueC",
        "mangledName": "$s9IdxDmpSdk15AsyncEventQueueC",
        "moduleName": "IdxDmpSdk",
        "declAttributes": [
          "Final",
          "AccessControl"
        ],
        "hasMissingDesignatedInitializers": true,
        "conformances": [
          {
            "kind": "Conformance",
            "name": "Copyable",
            "printedName": "Copyable",
            "usr": "s:s8CopyableP",
            "mangledName": "$ss8CopyableP"
          },
          {
            "kind": "Conformance",
            "name": "Escapable",
            "printedName": "Escapable",
            "usr": "s:s9EscapableP",
            "mangledName": "$ss9EscapableP"
          }
        ]
      },
      {
        "kind": "Import",
        "name": "CoreLocation",
        "printedName": "CoreLocation",
        "declKind": "Import",
        "moduleName": "IdxDmpSdk"
      },
      {
        "kind": "Import",
        "name": "AdSupport",
        "printedName": "AdSupport",
        "declKind": "Import",
        "moduleName": "IdxDmpSdk"
      },
      {
        "kind": "Import",
        "name": "AppTrackingTransparency",
        "printedName": "AppTrackingTransparency",
        "declKind": "Import",
        "moduleName": "IdxDmpSdk"
      },
      {
        "kind": "TypeDecl",
        "name": "DataManagerProvider",
        "printedName": "DataManagerProvider",
        "children": [
          {
            "kind": "Constructor",
            "name": "init",
            "printedName": "init(providerId:appName:appVersion:completionHandler:)",
            "children": [
              {
                "kind": "TypeNominal",
                "name": "DataManagerProvider",
                "printedName": "IdxDmpSdk.DataManagerProvider",
                "usr": "s:9IdxDmpSdk19DataManagerProviderC"
              },
              {
                "kind": "TypeNominal",
                "name": "String",
                "printedName": "Swift.String",
                "usr": "s:SS"
              },
              {
                "kind": "TypeNominal",
                "name": "String",
                "printedName": "Swift.String",
                "usr": "s:SS"
              },
              {
                "kind": "TypeNominal",
                "name": "String",
                "printedName": "Swift.String",
                "usr": "s:SS"
              },
              {
                "kind": "TypeFunc",
                "name": "Function",
                "printedName": "(Any?) -> ()",
                "children": [
                  {
                    "kind": "TypeNominal",
                    "name": "Void",
                    "printedName": "()"
                  },
                  {
                    "kind": "TypeNominal",
                    "name": "Optional",
                    "printedName": "Any?",
                    "children": [
                      {
                        "kind": "TypeNominal",
                        "name": "ProtocolComposition",
                        "printedName": "Any"
                      }
                    ],
                    "usr": "s:Sq"
                  }
                ],
                "hasDefaultArg": true
              }
            ],
            "declKind": "Constructor",
            "usr": "s:9IdxDmpSdk19DataManagerProviderC10providerId7appName0I7Version17completionHandlerACSS_S2SyypSgctcfc",
            "mangledName": "$s9IdxDmpSdk19DataManagerProviderC10providerId7appName0I7Version17completionHandlerACSS_S2SyypSgctcfc",
            "moduleName": "IdxDmpSdk",
            "declAttributes": [
              "AccessControl"
            ],
            "init_kind": "Designated"
          },
          {
            "kind": "Function",
            "name": "getUserId",
            "printedName": "getUserId()",
            "children": [
              {
                "kind": "TypeNominal",
                "name": "Optional",
                "printedName": "Swift.String?",
                "children": [
                  {
                    "kind": "TypeNominal",
                    "name": "String",
                    "printedName": "Swift.String",
                    "usr": "s:SS"
                  }
                ],
                "usr": "s:Sq"
              }
            ],
            "declKind": "Func",
            "usr": "s:9IdxDmpSdk19DataManagerProviderC9getUserIdSSSgyF",
            "mangledName": "$s9IdxDmpSdk19DataManagerProviderC9getUserIdSSSgyF",
            "moduleName": "IdxDmpSdk",
            "declAttributes": [
              "Final",
              "AccessControl"
            ],
            "funcSelfKind": "NonMutating"
          },
          {
            "kind": "Function",
            "name": "getTimestamp",
            "printedName": "getTimestamp()",
            "children": [
              {
                "kind": "TypeNominal",
                "name": "Optional",
                "printedName": "Swift.String?",
                "children": [
                  {
                    "kind": "TypeNominal",
                    "name": "String",
                    "printedName": "Swift.String",
                    "usr": "s:SS"
                  }
                ],
                "usr": "s:Sq"
              }
            ],
            "declKind": "Func",
            "usr": "s:9IdxDmpSdk19DataManagerProviderC12getTimestampSSSgyF",
            "mangledName": "$s9IdxDmpSdk19DataManagerProviderC12getTimestampSSSgyF",
            "moduleName": "IdxDmpSdk",
            "declAttributes": [
              "Final",
              "AccessControl"
            ],
            "funcSelfKind": "NonMutating"
          },
          {
            "kind": "Function",
            "name": "getProviderId",
            "printedName": "getProviderId()",
            "children": [
              {
                "kind": "TypeNominal",
                "name": "String",
                "printedName": "Swift.String",
                "usr": "s:SS"
              }
            ],
            "declKind": "Func",
            "usr": "s:9IdxDmpSdk19DataManagerProviderC03getF2IdSSyF",
            "mangledName": "$s9IdxDmpSdk19DataManagerProviderC03getF2IdSSyF",
            "moduleName": "IdxDmpSdk",
            "declAttributes": [
              "Final",
              "AccessControl"
            ],
            "funcSelfKind": "NonMutating"
          },
          {
            "kind": "Function",
            "name": "getDefinitionIds",
            "printedName": "getDefinitionIds()",
            "children": [
              {
                "kind": "TypeNominal",
                "name": "String",
                "printedName": "Swift.String",
                "usr": "s:SS"
              }
            ],
            "declKind": "Func",
            "usr": "s:9IdxDmpSdk19DataManagerProviderC16getDefinitionIdsSSyF",
            "mangledName": "$s9IdxDmpSdk19DataManagerProviderC16getDefinitionIdsSSyF",
            "moduleName": "IdxDmpSdk",
            "declAttributes": [
              "Final",
              "AccessControl"
            ],
            "funcSelfKind": "NonMutating"
          },
          {
            "kind": "Function",
            "name": "getCustomAdTargeting",
            "printedName": "getCustomAdTargeting()",
            "children": [
              {
                "kind": "TypeNominal",
                "name": "Dictionary",
                "printedName": "[Swift.String : Swift.String]",
                "children": [
                  {
                    "kind": "TypeNominal",
                    "name": "String",
                    "printedName": "Swift.String",
                    "usr": "s:SS"
                  },
                  {
                    "kind": "TypeNominal",
                    "name": "String",
                    "printedName": "Swift.String",
                    "usr": "s:SS"
                  }
                ],
                "usr": "s:SD"
              }
            ],
            "declKind": "Func",
            "usr": "s:9IdxDmpSdk19DataManagerProviderC20getCustomAdTargetingSDyS2SGyF",
            "mangledName": "$s9IdxDmpSdk19DataManagerProviderC20getCustomAdTargetingSDyS2SGyF",
            "moduleName": "IdxDmpSdk",
            "declAttributes": [
              "Final",
              "AccessControl"
            ],
            "funcSelfKind": "NonMutating"
          },
          {
            "kind": "Function",
            "name": "sendEvent",
            "printedName": "sendEvent(properties:completionHandler:)",
            "children": [
              {
                "kind": "TypeNominal",
                "name": "Void",
                "printedName": "()"
              },
              {
                "kind": "TypeNominal",
                "name": "EventRequestPropertiesStruct",
                "printedName": "IdxDmpSdk.EventRequestPropertiesStruct",
                "usr": "s:9IdxDmpSdk28EventRequestPropertiesStructV"
              },
              {
                "kind": "TypeFunc",
                "name": "Function",
                "printedName": "(Any?) -> ()",
                "children": [
                  {
                    "kind": "TypeNominal",
                    "name": "Void",
                    "printedName": "()"
                  },
                  {
                    "kind": "TypeNominal",
                    "name": "Optional",
                    "printedName": "Any?",
                    "children": [
                      {
                        "kind": "TypeNominal",
                        "name": "ProtocolComposition",
                        "printedName": "Any"
                      }
                    ],
                    "usr": "s:Sq"
                  }
                ],
                "hasDefaultArg": true
              }
            ],
            "declKind": "Func",
            "usr": "s:9IdxDmpSdk19DataManagerProviderC9sendEvent10properties17completionHandleryAA0H23RequestPropertiesStructV_yypSgctF",
            "mangledName": "$s9IdxDmpSdk19DataManagerProviderC9sendEvent10properties17completionHandleryAA0H23RequestPropertiesStructV_yypSgctF",
            "moduleName": "IdxDmpSdk",
            "declAttributes": [
              "Final",
              "AccessControl"
            ],
            "funcSelfKind": "NonMutating"
          },
          {
            "kind": "Function",
            "name": "resetState",
            "printedName": "resetState()",
            "children": [
              {
                "kind": "TypeNominal",
                "name": "Void",
                "printedName": "()"
              }
            ],
            "declKind": "Func",
            "usr": "s:9IdxDmpSdk19DataManagerProviderC10resetStateyyF",
            "mangledName": "$s9IdxDmpSdk19DataManagerProviderC10resetStateyyF",
            "moduleName": "IdxDmpSdk",
            "declAttributes": [
              "Final",
              "AccessControl"
            ],
            "funcSelfKind": "NonMutating"
          }
        ],
        "declKind": "Class",
        "usr": "s:9IdxDmpSdk19DataManagerProviderC",
        "mangledName": "$s9IdxDmpSdk19DataManagerProviderC",
        "moduleName": "IdxDmpSdk",
        "declAttributes": [
          "Final",
          "AccessControl",
          "RawDocComment"
        ],
        "conformances": [
          {
            "kind": "Conformance",
            "name": "Copyable",
            "printedName": "Copyable",
            "usr": "s:s8CopyableP",
            "mangledName": "$ss8CopyableP"
          },
          {
            "kind": "Conformance",
            "name": "Escapable",
            "printedName": "Escapable",
            "usr": "s:s9EscapableP",
            "mangledName": "$ss9EscapableP"
          }
        ]
      },
      {
        "kind": "Import",
        "name": "CoreData",
        "printedName": "CoreData",
        "declKind": "Import",
        "moduleName": "IdxDmpSdk"
      },
      {
        "kind": "Import",
        "name": "WebKit",
        "printedName": "WebKit",
        "declKind": "Import",
        "moduleName": "IdxDmpSdk"
      },
      {
        "kind": "TypeDecl",
        "name": "DMPWebViewConnector",
        "printedName": "DMPWebViewConnector",
        "children": [
          {
            "kind": "Constructor",
            "name": "init",
            "printedName": "init(_:_:_:)",
            "children": [
              {
                "kind": "TypeNominal",
                "name": "DMPWebViewConnector",
                "printedName": "IdxDmpSdk.DMPWebViewConnector",
                "usr": "c:@M@IdxDmpSdk@objc(cs)DMPWebViewConnector"
              },
              {
                "kind": "TypeNominal",
                "name": "WKUserContentController",
                "printedName": "WebKit.WKUserContentController",
                "usr": "c:objc(cs)WKUserContentController"
              },
              {
                "kind": "TypeNominal",
                "name": "String",
                "printedName": "Swift.String",
                "usr": "s:SS"
              },
              {
                "kind": "TypeNominal",
                "name": "String",
                "printedName": "Swift.String",
                "usr": "s:SS"
              }
            ],
            "declKind": "Constructor",
            "usr": "s:9IdxDmpSdk19DMPWebViewConnectorCyACSo23WKUserContentControllerC_S2Stcfc",
            "mangledName": "$s9IdxDmpSdk19DMPWebViewConnectorCyACSo23WKUserContentControllerC_S2Stcfc",
            "moduleName": "IdxDmpSdk",
            "declAttributes": [
              "Preconcurrency",
              "Custom",
              "AccessControl"
            ],
            "init_kind": "Designated"
          },
          {
            "kind": "Function",
            "name": "userContentController",
            "printedName": "userContentController(_:didReceive:)",
            "children": [
              {
                "kind": "TypeNominal",
                "name": "Void",
                "printedName": "()"
              },
              {
                "kind": "TypeNominal",
                "name": "WKUserContentController",
                "printedName": "WebKit.WKUserContentController",
                "usr": "c:objc(cs)WKUserContentController"
              },
              {
                "kind": "TypeNominal",
                "name": "WKScriptMessage",
                "printedName": "WebKit.WKScriptMessage",
                "usr": "c:objc(cs)WKScriptMessage"
              }
            ],
            "declKind": "Func",
            "usr": "c:@M@IdxDmpSdk@objc(cs)DMPWebViewConnector(im)userContentController:didReceiveScriptMessage:",
            "mangledName": "$s9IdxDmpSdk19DMPWebViewConnectorC21userContentController_10didReceiveySo06WKUserhI0C_So15WKScriptMessageCtF",
            "moduleName": "IdxDmpSdk",
            "objc_name": "userContentController:didReceiveScriptMessage:",
            "declAttributes": [
              "Final",
              "ObjC",
              "Preconcurrency",
              "Custom",
              "AccessControl"
            ],
            "funcSelfKind": "NonMutating"
          },
          {
            "kind": "Function",
            "name": "getUserId",
            "printedName": "getUserId()",
            "children": [
              {
                "kind": "TypeNominal",
                "name": "String",
                "printedName": "Swift.String",
                "usr": "s:SS"
              }
            ],
            "declKind": "Func",
            "usr": "s:9IdxDmpSdk19DMPWebViewConnectorC9getUserIdSSyF",
            "mangledName": "$s9IdxDmpSdk19DMPWebViewConnectorC9getUserIdSSyF",
            "moduleName": "IdxDmpSdk",
            "declAttributes": [
              "Preconcurrency",
              "Custom",
              "Final",
              "AccessControl"
            ],
            "funcSelfKind": "NonMutating"
          },
          {
            "kind": "Function",
            "name": "getDefinitionIds",
            "printedName": "getDefinitionIds()",
            "children": [
              {
                "kind": "TypeNominal",
                "name": "String",
                "printedName": "Swift.String",
                "usr": "s:SS"
              }
            ],
            "declKind": "Func",
            "usr": "s:9IdxDmpSdk19DMPWebViewConnectorC16getDefinitionIdsSSyF",
            "mangledName": "$s9IdxDmpSdk19DMPWebViewConnectorC16getDefinitionIdsSSyF",
            "moduleName": "IdxDmpSdk",
            "declAttributes": [
              "Preconcurrency",
              "Custom",
              "Final",
              "AccessControl"
            ],
            "funcSelfKind": "NonMutating"
          },
          {
            "kind": "Function",
            "name": "getCustomAdTargeting",
            "printedName": "getCustomAdTargeting()",
            "children": [
              {
                "kind": "TypeNominal",
                "name": "Dictionary",
                "printedName": "[Swift.String : Swift.String]",
                "children": [
                  {
                    "kind": "TypeNominal",
                    "name": "String",
                    "printedName": "Swift.String",
                    "usr": "s:SS"
                  },
                  {
                    "kind": "TypeNominal",
                    "name": "String",
                    "printedName": "Swift.String",
                    "usr": "s:SS"
                  }
                ],
                "usr": "s:SD"
              }
            ],
            "declKind": "Func",
            "usr": "s:9IdxDmpSdk19DMPWebViewConnectorC20getCustomAdTargetingSDyS2SGyF",
            "mangledName": "$s9IdxDmpSdk19DMPWebViewConnectorC20getCustomAdTargetingSDyS2SGyF",
            "moduleName": "IdxDmpSdk",
            "declAttributes": [
              "Preconcurrency",
              "Custom",
              "Final",
              "AccessControl"
            ],
            "funcSelfKind": "NonMutating"
          },
          {
            "kind": "Constructor",
            "name": "init",
            "printedName": "init()",
            "children": [
              {
                "kind": "TypeNominal",
                "name": "DMPWebViewConnector",
                "printedName": "IdxDmpSdk.DMPWebViewConnector",
                "usr": "c:@M@IdxDmpSdk@objc(cs)DMPWebViewConnector"
              }
            ],
            "declKind": "Constructor",
            "usr": "c:@M@IdxDmpSdk@objc(cs)DMPWebViewConnector(im)init",
            "mangledName": "$s9IdxDmpSdk19DMPWebViewConnectorCACycfc",
            "moduleName": "IdxDmpSdk",
            "overriding": true,
            "implicit": true,
            "objc_name": "init",
            "declAttributes": [
              "Dynamic",
              "ObjC",
              "Preconcurrency",
              "Custom",
              "Override"
            ],
            "init_kind": "Designated"
          }
        ],
        "declKind": "Class",
        "usr": "c:@M@IdxDmpSdk@objc(cs)DMPWebViewConnector",
        "mangledName": "$s9IdxDmpSdk19DMPWebViewConnectorC",
        "moduleName": "IdxDmpSdk",
        "declAttributes": [
          "Preconcurrency",
          "Custom",
          "Final",
          "AccessControl",
          "ObjC"
        ],
        "superclassUsr": "c:objc(cs)NSObject",
        "superclassNames": [
          "ObjectiveC.NSObject"
        ],
        "conformances": [
          {
            "kind": "Conformance",
            "name": "Copyable",
            "printedName": "Copyable",
            "usr": "s:s8CopyableP",
            "mangledName": "$ss8CopyableP"
          },
          {
            "kind": "Conformance",
            "name": "Escapable",
            "printedName": "Escapable",
            "usr": "s:s9EscapableP",
            "mangledName": "$ss9EscapableP"
          },
          {
            "kind": "Conformance",
            "name": "Equatable",
            "printedName": "Equatable",
            "usr": "s:SQ",
            "mangledName": "$sSQ"
          },
          {
            "kind": "Conformance",
            "name": "Hashable",
            "printedName": "Hashable",
            "usr": "s:SH",
            "mangledName": "$sSH"
          },
          {
            "kind": "Conformance",
            "name": "CVarArg",
            "printedName": "CVarArg",
            "usr": "s:s7CVarArgP",
            "mangledName": "$ss7CVarArgP"
          },
          {
            "kind": "Conformance",
            "name": "_KeyValueCodingAndObservingPublishing",
            "printedName": "_KeyValueCodingAndObservingPublishing",
            "usr": "s:10Foundation37_KeyValueCodingAndObservingPublishingP",
            "mangledName": "$s10Foundation37_KeyValueCodingAndObservingPublishingP"
          },
          {
            "kind": "Conformance",
            "name": "_KeyValueCodingAndObserving",
            "printedName": "_KeyValueCodingAndObserving",
            "usr": "s:10Foundation27_KeyValueCodingAndObservingP",
            "mangledName": "$s10Foundation27_KeyValueCodingAndObservingP"
          },
          {
            "kind": "Conformance",
            "name": "CustomStringConvertible",
            "printedName": "CustomStringConvertible",
            "usr": "s:s23CustomStringConvertibleP",
            "mangledName": "$ss23CustomStringConvertibleP"
          },
          {
            "kind": "Conformance",
            "name": "CustomDebugStringConvertible",
            "printedName": "CustomDebugStringConvertible",
            "usr": "s:s28CustomDebugStringConvertibleP",
            "mangledName": "$ss28CustomDebugStringConvertibleP"
          },
          {
            "kind": "Conformance",
            "name": "Sendable",
            "printedName": "Sendable",
            "usr": "s:s8SendableP",
            "mangledName": "$ss8SendableP"
          }
        ]
      },
      {
        "kind": "TypeDecl",
        "name": "CurrentPage",
        "printedName": "CurrentPage",
        "children": [
          {
            "kind": "Function",
            "name": "calculateCurrentPageDefinitionIds",
            "printedName": "calculateCurrentPageDefinitionIds(_:)",
            "children": [
              {
                "kind": "TypeNominal",
                "name": "Array",
                "printedName": "[Swift.String]",
                "children": [
                  {
                    "kind": "TypeNominal",
                    "name": "String",
                    "printedName": "Swift.String",
                    "usr": "s:SS"
                  }
                ],
                "usr": "s:Sa"
              },
              {
                "kind": "TypeNominal",
                "name": "EventRequestStruct",
                "printedName": "IdxDmpSdk.EventRequestStruct",
                "usr": "s:9IdxDmpSdk18EventRequestStructV"
              }
            ],
            "declKind": "Func",
            "usr": "s:9IdxDmpSdk11CurrentPageC09calculatedE13DefinitionIdsySaySSGAA18EventRequestStructVF",
            "mangledName": "$s9IdxDmpSdk11CurrentPageC09calculatedE13DefinitionIdsySaySSGAA18EventRequestStructVF",
            "moduleName": "IdxDmpSdk",
            "declAttributes": [
              "Final",
              "AccessControl"
            ],
            "funcSelfKind": "NonMutating"
          }
        ],
        "declKind": "Class",
        "usr": "s:9IdxDmpSdk11CurrentPageC",
        "mangledName": "$s9IdxDmpSdk11CurrentPageC",
        "moduleName": "IdxDmpSdk",
        "declAttributes": [
          "Final",
          "AccessControl"
        ],
        "hasMissingDesignatedInitializers": true,
        "conformances": [
          {
            "kind": "Conformance",
            "name": "Copyable",
            "printedName": "Copyable",
            "usr": "s:s8CopyableP",
            "mangledName": "$ss8CopyableP"
          },
          {
            "kind": "Conformance",
            "name": "Escapable",
            "printedName": "Escapable",
            "usr": "s:s9EscapableP",
            "mangledName": "$ss9EscapableP"
          }
        ]
      },
      {
        "kind": "Import",
        "name": "CoreData",
        "printedName": "CoreData",
        "declKind": "Import",
        "moduleName": "IdxDmpSdk"
      },
      {
        "kind": "Import",
        "name": "CoreData",
        "printedName": "CoreData",
        "declKind": "Import",
        "moduleName": "IdxDmpSdk"
      },
      {
        "kind": "TypeDecl",
        "name": "Behaviour",
        "printedName": "Behaviour",
        "children": [
          {
            "kind": "Var",
            "name": "supportsSecureCoding",
            "printedName": "supportsSecureCoding",
            "children": [
              {
                "kind": "TypeNominal",
                "name": "Bool",
                "printedName": "Swift.Bool",
                "usr": "s:Sb"
              }
            ],
            "declKind": "Var",
            "usr": "c:@M@IdxDmpSdk@objc(cs)Behaviour(cpy)supportsSecureCoding",
            "mangledName": "$s9IdxDmpSdk9BehaviourC20supportsSecureCodingSbvpZ",
            "moduleName": "IdxDmpSdk",
            "static": true,
            "objc_name": "supportsSecureCoding",
            "declAttributes": [
              "HasInitialValue",
              "Final",
              "ObjC",
              "HasStorage",
              "AccessControl"
            ],
            "hasStorage": true,
            "accessors": [
              {
                "kind": "Accessor",
                "name": "Get",
                "printedName": "Get()",
                "children": [
                  {
                    "kind": "TypeNominal",
                    "name": "Bool",
                    "printedName": "Swift.Bool",
                    "usr": "s:Sb"
                  }
                ],
                "declKind": "Accessor",
                "usr": "c:@M@IdxDmpSdk@objc(cs)Behaviour(cm)supportsSecureCoding",
                "mangledName": "$s9IdxDmpSdk9BehaviourC20supportsSecureCodingSbvgZ",
                "moduleName": "IdxDmpSdk",
                "static": true,
                "implicit": true,
                "objc_name": "supportsSecureCoding",
                "declAttributes": [
                  "Final",
                  "ObjC"
                ],
                "accessorKind": "get"
              },
              {
                "kind": "Accessor",
                "name": "Set",
                "printedName": "Set()",
                "children": [
                  {
                    "kind": "TypeNominal",
                    "name": "Void",
                    "printedName": "()"
                  },
                  {
                    "kind": "TypeNominal",
                    "name": "Bool",
                    "printedName": "Swift.Bool",
                    "usr": "s:Sb"
                  }
                ],
                "declKind": "Accessor",
                "usr": "c:@M@IdxDmpSdk@objc(cs)Behaviour(cm)setSupportsSecureCoding:",
                "mangledName": "$s9IdxDmpSdk9BehaviourC20supportsSecureCodingSbvsZ",
                "moduleName": "IdxDmpSdk",
                "static": true,
                "implicit": true,
                "declAttributes": [
                  "Final",
                  "ObjC"
                ],
                "accessorKind": "set"
              },
              {
                "kind": "Accessor",
                "name": "Modify",
                "printedName": "Modify()",
                "children": [
                  {
                    "kind": "TypeNominal",
                    "name": "Void",
                    "printedName": "()"
                  }
                ],
                "declKind": "Accessor",
                "usr": "s:9IdxDmpSdk9BehaviourC20supportsSecureCodingSbvMZ",
                "mangledName": "$s9IdxDmpSdk9BehaviourC20supportsSecureCodingSbvMZ",
                "moduleName": "IdxDmpSdk",
                "static": true,
                "implicit": true,
                "declAttributes": [
                  "Final"
                ],
                "accessorKind": "_modify"
              }
            ]
          },
          {
            "kind": "Function",
            "name": "encode",
            "printedName": "encode(with:)",
            "children": [
              {
                "kind": "TypeNominal",
                "name": "Void",
                "printedName": "()"
              },
              {
                "kind": "TypeNominal",
                "name": "NSCoder",
                "printedName": "Foundation.NSCoder",
                "usr": "c:objc(cs)NSCoder"
              }
            ],
            "declKind": "Func",
            "usr": "c:@M@IdxDmpSdk@objc(cs)Behaviour(im)encodeWithCoder:",
            "mangledName": "$s9IdxDmpSdk9BehaviourC6encode4withySo7NSCoderC_tF",
            "moduleName": "IdxDmpSdk",
            "objc_name": "encodeWithCoder:",
            "declAttributes": [
              "ObjC",
              "AccessControl"
            ],
            "funcSelfKind": "NonMutating"
          },
          {
            "kind": "Constructor",
            "name": "init",
            "printedName": "init(coder:)",
            "children": [
              {
                "kind": "TypeNominal",
                "name": "Optional",
                "printedName": "IdxDmpSdk.Behaviour?",
                "children": [
                  {
                    "kind": "TypeNominal",
                    "name": "Behaviour",
                    "printedName": "IdxDmpSdk.Behaviour",
                    "usr": "c:@M@IdxDmpSdk@objc(cs)Behaviour"
                  }
                ],
                "usr": "s:Sq"
              },
              {
                "kind": "TypeNominal",
                "name": "NSCoder",
                "printedName": "Foundation.NSCoder",
                "usr": "c:objc(cs)NSCoder"
              }
            ],
            "declKind": "Constructor",
            "usr": "c:@M@IdxDmpSdk@objc(cs)Behaviour(im)initWithCoder:",
            "mangledName": "$s9IdxDmpSdk9BehaviourC5coderACSgSo7NSCoderC_tcfc",
            "moduleName": "IdxDmpSdk",
            "objc_name": "initWithCoder:",
            "declAttributes": [
              "ObjC",
              "Convenience",
              "Required",
              "AccessControl"
            ],
            "init_kind": "Convenience"
          },
          {
            "kind": "Constructor",
            "name": "init",
            "printedName": "init()",
            "children": [
              {
                "kind": "TypeNominal",
                "name": "Behaviour",
                "printedName": "IdxDmpSdk.Behaviour",
                "usr": "c:@M@IdxDmpSdk@objc(cs)Behaviour"
              }
            ],
            "declKind": "Constructor",
            "usr": "c:@M@IdxDmpSdk@objc(cs)Behaviour(im)init",
            "mangledName": "$s9IdxDmpSdk9BehaviourCACycfc",
            "moduleName": "IdxDmpSdk",
            "overriding": true,
            "implicit": true,
            "objc_name": "init",
            "declAttributes": [
              "Dynamic",
              "ObjC",
              "Override"
            ],
            "init_kind": "Designated"
          }
        ],
        "declKind": "Class",
        "usr": "c:@M@IdxDmpSdk@objc(cs)Behaviour",
        "mangledName": "$s9IdxDmpSdk9BehaviourC",
        "moduleName": "IdxDmpSdk",
        "declAttributes": [
          "AccessControl",
          "ObjC"
        ],
        "superclassUsr": "c:objc(cs)NSObject",
        "hasMissingDesignatedInitializers": true,
        "superclassNames": [
          "ObjectiveC.NSObject"
        ],
        "conformances": [
          {
            "kind": "Conformance",
            "name": "Copyable",
            "printedName": "Copyable",
            "usr": "s:s8CopyableP",
            "mangledName": "$ss8CopyableP"
          },
          {
            "kind": "Conformance",
            "name": "Escapable",
            "printedName": "Escapable",
            "usr": "s:s9EscapableP",
            "mangledName": "$ss9EscapableP"
          },
          {
            "kind": "Conformance",
            "name": "Equatable",
            "printedName": "Equatable",
            "usr": "s:SQ",
            "mangledName": "$sSQ"
          },
          {
            "kind": "Conformance",
            "name": "Hashable",
            "printedName": "Hashable",
            "usr": "s:SH",
            "mangledName": "$sSH"
          },
          {
            "kind": "Conformance",
            "name": "CVarArg",
            "printedName": "CVarArg",
            "usr": "s:s7CVarArgP",
            "mangledName": "$ss7CVarArgP"
          },
          {
            "kind": "Conformance",
            "name": "_KeyValueCodingAndObservingPublishing",
            "printedName": "_KeyValueCodingAndObservingPublishing",
            "usr": "s:10Foundation37_KeyValueCodingAndObservingPublishingP",
            "mangledName": "$s10Foundation37_KeyValueCodingAndObservingPublishingP"
          },
          {
            "kind": "Conformance",
            "name": "_KeyValueCodingAndObserving",
            "printedName": "_KeyValueCodingAndObserving",
            "usr": "s:10Foundation27_KeyValueCodingAndObservingP",
            "mangledName": "$s10Foundation27_KeyValueCodingAndObservingP"
          },
          {
            "kind": "Conformance",
            "name": "CustomStringConvertible",
            "printedName": "CustomStringConvertible",
            "usr": "s:s23CustomStringConvertibleP",
            "mangledName": "$ss23CustomStringConvertibleP"
          },
          {
            "kind": "Conformance",
            "name": "CustomDebugStringConvertible",
            "printedName": "CustomDebugStringConvertible",
            "usr": "s:s28CustomDebugStringConvertibleP",
            "mangledName": "$ss28CustomDebugStringConvertibleP"
          }
        ]
      },
      {
        "kind": "TypeDecl",
        "name": "EventRequestPropertiesStruct",
        "printedName": "EventRequestPropertiesStruct",
        "children": [
          {
            "kind": "Var",
            "name": "url",
            "printedName": "url",
            "children": [
              {
                "kind": "TypeNominal",
                "name": "String",
                "printedName": "Swift.String",
                "usr": "s:SS"
              }
            ],
            "declKind": "Var",
            "usr": "s:9IdxDmpSdk28EventRequestPropertiesStructV3urlSSvp",
            "mangledName": "$s9IdxDmpSdk28EventRequestPropertiesStructV3urlSSvp",
            "moduleName": "IdxDmpSdk",
            "declAttributes": [
              "HasStorage",
              "AccessControl"
            ],
            "isLet": true,
            "hasStorage": true,
            "accessors": [
              {
                "kind": "Accessor",
                "name": "Get",
                "printedName": "Get()",
                "children": [
                  {
                    "kind": "TypeNominal",
                    "name": "String",
                    "printedName": "Swift.String",
                    "usr": "s:SS"
                  }
                ],
                "declKind": "Accessor",
                "usr": "s:9IdxDmpSdk28EventRequestPropertiesStructV3urlSSvg",
                "mangledName": "$s9IdxDmpSdk28EventRequestPropertiesStructV3urlSSvg",
                "moduleName": "IdxDmpSdk",
                "implicit": true,
                "accessorKind": "get"
              }
            ]
          },
          {
            "kind": "Var",
            "name": "title",
            "printedName": "title",
            "children": [
              {
                "kind": "TypeNominal",
                "name": "String",
                "printedName": "Swift.String",
                "usr": "s:SS"
              }
            ],
            "declKind": "Var",
            "usr": "s:9IdxDmpSdk28EventRequestPropertiesStructV5titleSSvp",
            "mangledName": "$s9IdxDmpSdk28EventRequestPropertiesStructV5titleSSvp",
            "moduleName": "IdxDmpSdk",
            "declAttributes": [
              "HasStorage",
              "AccessControl"
            ],
            "isLet": true,
            "hasStorage": true,
            "accessors": [
              {
                "kind": "Accessor",
                "name": "Get",
                "printedName": "Get()",
                "children": [
                  {
                    "kind": "TypeNominal",
                    "name": "String",
                    "printedName": "Swift.String",
                    "usr": "s:SS"
                  }
                ],
                "declKind": "Accessor",
                "usr": "s:9IdxDmpSdk28EventRequestPropertiesStructV5titleSSvg",
                "mangledName": "$s9IdxDmpSdk28EventRequestPropertiesStructV5titleSSvg",
                "moduleName": "IdxDmpSdk",
                "implicit": true,
                "accessorKind": "get"
              }
            ]
          },
          {
            "kind": "Var",
            "name": "domain",
            "printedName": "domain",
            "children": [
              {
                "kind": "TypeNominal",
                "name": "String",
                "printedName": "Swift.String",
                "usr": "s:SS"
              }
            ],
            "declKind": "Var",
            "usr": "s:9IdxDmpSdk28EventRequestPropertiesStructV6domainSSvp",
            "mangledName": "$s9IdxDmpSdk28EventRequestPropertiesStructV6domainSSvp",
            "moduleName": "IdxDmpSdk",
            "declAttributes": [
              "HasStorage",
              "AccessControl"
            ],
            "isLet": true,
            "hasStorage": true,
            "accessors": [
              {
                "kind": "Accessor",
                "name": "Get",
                "printedName": "Get()",
                "children": [
                  {
                    "kind": "TypeNominal",
                    "name": "String",
                    "printedName": "Swift.String",
                    "usr": "s:SS"
                  }
                ],
                "declKind": "Accessor",
                "usr": "s:9IdxDmpSdk28EventRequestPropertiesStructV6domainSSvg",
                "mangledName": "$s9IdxDmpSdk28EventRequestPropertiesStructV6domainSSvg",
                "moduleName": "IdxDmpSdk",
                "implicit": true,
                "accessorKind": "get"
              }
            ]
          },
          {
            "kind": "Var",
            "name": "author",
            "printedName": "author",
            "children": [
              {
                "kind": "TypeNominal",
                "name": "String",
                "printedName": "Swift.String",
                "usr": "s:SS"
              }
            ],
            "declKind": "Var",
            "usr": "s:9IdxDmpSdk28EventRequestPropertiesStructV6authorSSvp",
            "mangledName": "$s9IdxDmpSdk28EventRequestPropertiesStructV6authorSSvp",
            "moduleName": "IdxDmpSdk",
            "declAttributes": [
              "HasStorage",
              "AccessControl"
            ],
            "isLet": true,
            "hasStorage": true,
            "accessors": [
              {
                "kind": "Accessor",
                "name": "Get",
                "printedName": "Get()",
                "children": [
                  {
                    "kind": "TypeNominal",
                    "name": "String",
                    "printedName": "Swift.String",
                    "usr": "s:SS"
                  }
                ],
                "declKind": "Accessor",
                "usr": "s:9IdxDmpSdk28EventRequestPropertiesStructV6authorSSvg",
                "mangledName": "$s9IdxDmpSdk28EventRequestPropertiesStructV6authorSSvg",
                "moduleName": "IdxDmpSdk",
                "implicit": true,
                "accessorKind": "get"
              }
            ]
          },
          {
            "kind": "Var",
            "name": "category",
            "printedName": "category",
            "children": [
              {
                "kind": "TypeNominal",
                "name": "String",
                "printedName": "Swift.String",
                "usr": "s:SS"
              }
            ],
            "declKind": "Var",
            "usr": "s:9IdxDmpSdk28EventRequestPropertiesStructV8categorySSvp",
            "mangledName": "$s9IdxDmpSdk28EventRequestPropertiesStructV8categorySSvp",
            "moduleName": "IdxDmpSdk",
            "declAttributes": [
              "HasStorage",
              "AccessControl"
            ],
            "isLet": true,
            "hasStorage": true,
            "accessors": [
              {
                "kind": "Accessor",
                "name": "Get",
                "printedName": "Get()",
                "children": [
                  {
                    "kind": "TypeNominal",
                    "name": "String",
                    "printedName": "Swift.String",
                    "usr": "s:SS"
                  }
                ],
                "declKind": "Accessor",
                "usr": "s:9IdxDmpSdk28EventRequestPropertiesStructV8categorySSvg",
                "mangledName": "$s9IdxDmpSdk28EventRequestPropertiesStructV8categorySSvg",
                "moduleName": "IdxDmpSdk",
                "implicit": true,
                "accessorKind": "get"
              }
            ]
          },
          {
            "kind": "Var",
            "name": "description",
            "printedName": "description",
            "children": [
              {
                "kind": "TypeNominal",
                "name": "String",
                "printedName": "Swift.String",
                "usr": "s:SS"
              }
            ],
            "declKind": "Var",
            "usr": "s:9IdxDmpSdk28EventRequestPropertiesStructV11descriptionSSvp",
            "mangledName": "$s9IdxDmpSdk28EventRequestPropertiesStructV11descriptionSSvp",
            "moduleName": "IdxDmpSdk",
            "declAttributes": [
              "HasStorage",
              "AccessControl"
            ],
            "isLet": true,
            "hasStorage": true,
            "accessors": [
              {
                "kind": "Accessor",
                "name": "Get",
                "printedName": "Get()",
                "children": [
                  {
                    "kind": "TypeNominal",
                    "name": "String",
                    "printedName": "Swift.String",
                    "usr": "s:SS"
                  }
                ],
                "declKind": "Accessor",
                "usr": "s:9IdxDmpSdk28EventRequestPropertiesStructV11descriptionSSvg",
                "mangledName": "$s9IdxDmpSdk28EventRequestPropertiesStructV11descriptionSSvg",
                "moduleName": "IdxDmpSdk",
                "implicit": true,
                "accessorKind": "get"
              }
            ]
          },
          {
            "kind": "Var",
            "name": "tags",
            "printedName": "tags",
            "children": [
              {
                "kind": "TypeNominal",
                "name": "Array",
                "printedName": "[Swift.String]",
                "children": [
                  {
                    "kind": "TypeNominal",
                    "name": "String",
                    "printedName": "Swift.String",
                    "usr": "s:SS"
                  }
                ],
                "usr": "s:Sa"
              }
            ],
            "declKind": "Var",
            "usr": "s:9IdxDmpSdk28EventRequestPropertiesStructV4tagsSaySSGvp",
            "mangledName": "$s9IdxDmpSdk28EventRequestPropertiesStructV4tagsSaySSGvp",
            "moduleName": "IdxDmpSdk",
            "declAttributes": [
              "HasStorage",
              "AccessControl"
            ],
            "isLet": true,
            "hasStorage": true,
            "accessors": [
              {
                "kind": "Accessor",
                "name": "Get",
                "printedName": "Get()",
                "children": [
                  {
                    "kind": "TypeNominal",
                    "name": "Array",
                    "printedName": "[Swift.String]",
                    "children": [
                      {
                        "kind": "TypeNominal",
                        "name": "String",
                        "printedName": "Swift.String",
                        "usr": "s:SS"
                      }
                    ],
                    "usr": "s:Sa"
                  }
                ],
                "declKind": "Accessor",
                "usr": "s:9IdxDmpSdk28EventRequestPropertiesStructV4tagsSaySSGvg",
                "mangledName": "$s9IdxDmpSdk28EventRequestPropertiesStructV4tagsSaySSGvg",
                "moduleName": "IdxDmpSdk",
                "implicit": true,
                "accessorKind": "get"
              }
            ]
          },
          {
            "kind": "Var",
            "name": "devicePlatform",
            "printedName": "devicePlatform",
            "children": [
              {
                "kind": "TypeNominal",
                "name": "String",
                "printedName": "Swift.String",
                "usr": "s:SS"
              }
            ],
            "declKind": "Var",
            "usr": "s:9IdxDmpSdk28EventRequestPropertiesStructV14devicePlatformSSvp",
            "mangledName": "$s9IdxDmpSdk28EventRequestPropertiesStructV14devicePlatformSSvp",
            "moduleName": "IdxDmpSdk",
            "declAttributes": [
              "HasStorage",
              "AccessControl"
            ],
            "isLet": true,
            "hasStorage": true,
            "accessors": [
              {
                "kind": "Accessor",
                "name": "Get",
                "printedName": "Get()",
                "children": [
                  {
                    "kind": "TypeNominal",
                    "name": "String",
                    "printedName": "Swift.String",
                    "usr": "s:SS"
                  }
                ],
                "declKind": "Accessor",
                "usr": "s:9IdxDmpSdk28EventRequestPropertiesStructV14devicePlatformSSvg",
                "mangledName": "$s9IdxDmpSdk28EventRequestPropertiesStructV14devicePlatformSSvg",
                "moduleName": "IdxDmpSdk",
                "implicit": true,
                "accessorKind": "get"
              }
            ]
          },
          {
            "kind": "Constructor",
            "name": "init",
            "printedName": "init(url:title:domain:author:category:description:tags:)",
            "children": [
              {
                "kind": "TypeNominal",
                "name": "EventRequestPropertiesStruct",
                "printedName": "IdxDmpSdk.EventRequestPropertiesStruct",
                "usr": "s:9IdxDmpSdk28EventRequestPropertiesStructV"
              },
              {
                "kind": "TypeNominal",
                "name": "String",
                "printedName": "Swift.String",
                "usr": "s:SS"
              },
              {
                "kind": "TypeNominal",
                "name": "String",
                "printedName": "Swift.String",
                "usr": "s:SS"
              },
              {
                "kind": "TypeNominal",
                "name": "String",
                "printedName": "Swift.String",
                "usr": "s:SS"
              },
              {
                "kind": "TypeNominal",
                "name": "String",
                "printedName": "Swift.String",
                "usr": "s:SS"
              },
              {
                "kind": "TypeNominal",
                "name": "String",
                "printedName": "Swift.String",
                "usr": "s:SS"
              },
              {
                "kind": "TypeNominal",
                "name": "String",
                "printedName": "Swift.String",
                "usr": "s:SS"
              },
              {
                "kind": "TypeNominal",
                "name": "Array",
                "printedName": "[Swift.String]",
                "children": [
                  {
                    "kind": "TypeNominal",
                    "name": "String",
                    "printedName": "Swift.String",
                    "usr": "s:SS"
                  }
                ],
                "usr": "s:Sa"
              }
            ],
            "declKind": "Constructor",
            "usr": "s:9IdxDmpSdk28EventRequestPropertiesStructV3url5title6domain6author8category11description4tagsACSS_S5SSaySSGtcfc",
            "mangledName": "$s9IdxDmpSdk28EventRequestPropertiesStructV3url5title6domain6author8category11description4tagsACSS_S5SSaySSGtcfc",
            "moduleName": "IdxDmpSdk",
            "declAttributes": [
              "AccessControl"
            ],
            "init_kind": "Designated"
          },
          {
            "kind": "Function",
            "name": "encode",
            "printedName": "encode(to:)",
            "children": [
              {
                "kind": "TypeNominal",
                "name": "Void",
                "printedName": "()"
              },
              {
                "kind": "TypeNominal",
                "name": "Encoder",
                "printedName": "any Swift.Encoder",
                "usr": "s:s7EncoderP"
              }
            ],
            "declKind": "Func",
            "usr": "s:9IdxDmpSdk28EventRequestPropertiesStructV6encode2toys7Encoder_p_tKF",
            "mangledName": "$s9IdxDmpSdk28EventRequestPropertiesStructV6encode2toys7Encoder_p_tKF",
            "moduleName": "IdxDmpSdk",
            "implicit": true,
            "throwing": true,
            "funcSelfKind": "NonMutating"
          }
        ],
        "declKind": "Struct",
        "usr": "s:9IdxDmpSdk28EventRequestPropertiesStructV",
        "mangledName": "$s9IdxDmpSdk28EventRequestPropertiesStructV",
        "moduleName": "IdxDmpSdk",
        "declAttributes": [
          "AccessControl"
        ],
        "conformances": [
          {
            "kind": "Conformance",
            "name": "Copyable",
            "printedName": "Copyable",
            "usr": "s:s8CopyableP",
            "mangledName": "$ss8CopyableP"
          },
          {
            "kind": "Conformance",
            "name": "Escapable",
            "printedName": "Escapable",
            "usr": "s:s9EscapableP",
            "mangledName": "$ss9EscapableP"
          },
          {
            "kind": "Conformance",
            "name": "Encodable",
            "printedName": "Encodable",
            "usr": "s:SE",
            "mangledName": "$sSE"
          }
        ]
      },
      {
        "kind": "TypeDecl",
        "name": "SdkMetaDataStruct",
        "printedName": "SdkMetaDataStruct",
        "children": [
          {
            "kind": "Var",
            "name": "sdkName",
            "printedName": "sdkName",
            "children": [
              {
                "kind": "TypeNominal",
                "name": "String",
                "printedName": "Swift.String",
                "usr": "s:SS"
              }
            ],
            "declKind": "Var",
            "usr": "s:9IdxDmpSdk0C14MetaDataStructV7sdkNameSSvp",
            "mangledName": "$s9IdxDmpSdk0C14MetaDataStructV7sdkNameSSvp",
            "moduleName": "IdxDmpSdk",
            "declAttributes": [
              "HasStorage",
              "AccessControl"
            ],
            "isLet": true,
            "hasStorage": true,
            "accessors": [
              {
                "kind": "Accessor",
                "name": "Get",
                "printedName": "Get()",
                "children": [
                  {
                    "kind": "TypeNominal",
                    "name": "String",
                    "printedName": "Swift.String",
                    "usr": "s:SS"
                  }
                ],
                "declKind": "Accessor",
                "usr": "s:9IdxDmpSdk0C14MetaDataStructV7sdkNameSSvg",
                "mangledName": "$s9IdxDmpSdk0C14MetaDataStructV7sdkNameSSvg",
                "moduleName": "IdxDmpSdk",
                "implicit": true,
                "accessorKind": "get"
              }
            ]
          },
          {
            "kind": "Var",
            "name": "sdkVer",
            "printedName": "sdkVer",
            "children": [
              {
                "kind": "TypeNominal",
                "name": "String",
                "printedName": "Swift.String",
                "usr": "s:SS"
              }
            ],
            "declKind": "Var",
            "usr": "s:9IdxDmpSdk0C14MetaDataStructV6sdkVerSSvp",
            "mangledName": "$s9IdxDmpSdk0C14MetaDataStructV6sdkVerSSvp",
            "moduleName": "IdxDmpSdk",
            "declAttributes": [
              "HasStorage",
              "AccessControl"
            ],
            "isLet": true,
            "hasStorage": true,
            "accessors": [
              {
                "kind": "Accessor",
                "name": "Get",
                "printedName": "Get()",
                "children": [
                  {
                    "kind": "TypeNominal",
                    "name": "String",
                    "printedName": "Swift.String",
                    "usr": "s:SS"
                  }
                ],
                "declKind": "Accessor",
                "usr": "s:9IdxDmpSdk0C14MetaDataStructV6sdkVerSSvg",
                "mangledName": "$s9IdxDmpSdk0C14MetaDataStructV6sdkVerSSvg",
                "moduleName": "IdxDmpSdk",
                "implicit": true,
                "accessorKind": "get"
              }
            ]
          },
          {
            "kind": "Var",
            "name": "appName",
            "printedName": "appName",
            "children": [
              {
                "kind": "TypeNominal",
                "name": "String",
                "printedName": "Swift.String",
                "usr": "s:SS"
              }
            ],
            "declKind": "Var",
            "usr": "s:9IdxDmpSdk0C14MetaDataStructV7appNameSSvp",
            "mangledName": "$s9IdxDmpSdk0C14MetaDataStructV7appNameSSvp",
            "moduleName": "IdxDmpSdk",
            "declAttributes": [
              "HasStorage",
              "AccessControl"
            ],
            "isLet": true,
            "hasStorage": true,
            "accessors": [
              {
                "kind": "Accessor",
                "name": "Get",
                "printedName": "Get()",
                "children": [
                  {
                    "kind": "TypeNominal",
                    "name": "String",
                    "printedName": "Swift.String",
                    "usr": "s:SS"
                  }
                ],
                "declKind": "Accessor",
                "usr": "s:9IdxDmpSdk0C14MetaDataStructV7appNameSSvg",
                "mangledName": "$s9IdxDmpSdk0C14MetaDataStructV7appNameSSvg",
                "moduleName": "IdxDmpSdk",
                "implicit": true,
                "accessorKind": "get"
              }
            ]
          },
          {
            "kind": "Var",
            "name": "appVer",
            "printedName": "appVer",
            "children": [
              {
                "kind": "TypeNominal",
                "name": "String",
                "printedName": "Swift.String",
                "usr": "s:SS"
              }
            ],
            "declKind": "Var",
            "usr": "s:9IdxDmpSdk0C14MetaDataStructV6appVerSSvp",
            "mangledName": "$s9IdxDmpSdk0C14MetaDataStructV6appVerSSvp",
            "moduleName": "IdxDmpSdk",
            "declAttributes": [
              "HasStorage",
              "AccessControl"
            ],
            "isLet": true,
            "hasStorage": true,
            "accessors": [
              {
                "kind": "Accessor",
                "name": "Get",
                "printedName": "Get()",
                "children": [
                  {
                    "kind": "TypeNominal",
                    "name": "String",
                    "printedName": "Swift.String",
                    "usr": "s:SS"
                  }
                ],
                "declKind": "Accessor",
                "usr": "s:9IdxDmpSdk0C14MetaDataStructV6appVerSSvg",
                "mangledName": "$s9IdxDmpSdk0C14MetaDataStructV6appVerSSvg",
                "moduleName": "IdxDmpSdk",
                "implicit": true,
                "accessorKind": "get"
              }
            ]
          },
          {
            "kind": "Constructor",
            "name": "init",
            "printedName": "init(sdkName:sdkVer:appName:appVer:)",
            "children": [
              {
                "kind": "TypeNominal",
                "name": "SdkMetaDataStruct",
                "printedName": "IdxDmpSdk.SdkMetaDataStruct",
                "usr": "s:9IdxDmpSdk0C14MetaDataStructV"
              },
              {
                "kind": "TypeNominal",
                "name": "String",
                "printedName": "Swift.String",
                "usr": "s:SS"
              },
              {
                "kind": "TypeNominal",
                "name": "String",
                "printedName": "Swift.String",
                "usr": "s:SS"
              },
              {
                "kind": "TypeNominal",
                "name": "String",
                "printedName": "Swift.String",
                "usr": "s:SS"
              },
              {
                "kind": "TypeNominal",
                "name": "String",
                "printedName": "Swift.String",
                "usr": "s:SS"
              }
            ],
            "declKind": "Constructor",
            "usr": "s:9IdxDmpSdk0C14MetaDataStructV7sdkName0G3Ver03appH00jI0ACSS_S3Stcfc",
            "mangledName": "$s9IdxDmpSdk0C14MetaDataStructV7sdkName0G3Ver03appH00jI0ACSS_S3Stcfc",
            "moduleName": "IdxDmpSdk",
            "declAttributes": [
              "AccessControl"
            ],
            "init_kind": "Designated"
          },
          {
            "kind": "Function",
            "name": "encode",
            "printedName": "encode(to:)",
            "children": [
              {
                "kind": "TypeNominal",
                "name": "Void",
                "printedName": "()"
              },
              {
                "kind": "TypeNominal",
                "name": "Encoder",
                "printedName": "any Swift.Encoder",
                "usr": "s:s7EncoderP"
              }
            ],
            "declKind": "Func",
            "usr": "s:9IdxDmpSdk0C14MetaDataStructV6encode2toys7Encoder_p_tKF",
            "mangledName": "$s9IdxDmpSdk0C14MetaDataStructV6encode2toys7Encoder_p_tKF",
            "moduleName": "IdxDmpSdk",
            "implicit": true,
            "throwing": true,
            "funcSelfKind": "NonMutating"
          }
        ],
        "declKind": "Struct",
        "usr": "s:9IdxDmpSdk0C14MetaDataStructV",
        "mangledName": "$s9IdxDmpSdk0C14MetaDataStructV",
        "moduleName": "IdxDmpSdk",
        "declAttributes": [
          "AccessControl"
        ],
        "conformances": [
          {
            "kind": "Conformance",
            "name": "Copyable",
            "printedName": "Copyable",
            "usr": "s:s8CopyableP",
            "mangledName": "$ss8CopyableP"
          },
          {
            "kind": "Conformance",
            "name": "Escapable",
            "printedName": "Escapable",
            "usr": "s:s9EscapableP",
            "mangledName": "$ss9EscapableP"
          },
          {
            "kind": "Conformance",
            "name": "Encodable",
            "printedName": "Encodable",
            "usr": "s:SE",
            "mangledName": "$sSE"
          }
        ]
      },
      {
        "kind": "TypeDecl",
        "name": "EventRequestStruct",
        "printedName": "EventRequestStruct",
        "children": [
          {
            "kind": "Function",
            "name": "encode",
            "printedName": "encode(to:)",
            "children": [
              {
                "kind": "TypeNominal",
                "name": "Void",
                "printedName": "()"
              },
              {
                "kind": "TypeNominal",
                "name": "Encoder",
                "printedName": "any Swift.Encoder",
                "usr": "s:s7EncoderP"
              }
            ],
            "declKind": "Func",
            "usr": "s:9IdxDmpSdk18EventRequestStructV6encode2toys7Encoder_p_tKF",
            "mangledName": "$s9IdxDmpSdk18EventRequestStructV6encode2toys7Encoder_p_tKF",
            "moduleName": "IdxDmpSdk",
            "implicit": true,
            "throwing": true,
            "funcSelfKind": "NonMutating"
          }
        ],
        "declKind": "Struct",
        "usr": "s:9IdxDmpSdk18EventRequestStructV",
        "mangledName": "$s9IdxDmpSdk18EventRequestStructV",
        "moduleName": "IdxDmpSdk",
        "declAttributes": [
          "AccessControl"
        ],
        "conformances": [
          {
            "kind": "Conformance",
            "name": "Copyable",
            "printedName": "Copyable",
            "usr": "s:s8CopyableP",
            "mangledName": "$ss8CopyableP"
          },
          {
            "kind": "Conformance",
            "name": "Escapable",
            "printedName": "Escapable",
            "usr": "s:s9EscapableP",
            "mangledName": "$ss9EscapableP"
          },
          {
            "kind": "Conformance",
            "name": "Encodable",
            "printedName": "Encodable",
            "usr": "s:SE",
            "mangledName": "$sSE"
          }
        ]
      },
      {
        "kind": "TypeDecl",
        "name": "EventRequestAdditionalPropertiesStruct",
        "printedName": "EventRequestAdditionalPropertiesStruct",
        "children": [
          {
            "kind": "Var",
            "name": "devicePlatform",
            "printedName": "devicePlatform",
            "children": [
              {
                "kind": "TypeNominal",
                "name": "String",
                "printedName": "Swift.String",
                "usr": "s:SS"
              }
            ],
            "declKind": "Var",
            "usr": "s:9IdxDmpSdk38EventRequestAdditionalPropertiesStructV14devicePlatformSSvp",
            "mangledName": "$s9IdxDmpSdk38EventRequestAdditionalPropertiesStructV14devicePlatformSSvp",
            "moduleName": "IdxDmpSdk",
            "declAttributes": [
              "HasStorage",
              "AccessControl"
            ],
            "isLet": true,
            "hasStorage": true,
            "accessors": [
              {
                "kind": "Accessor",
                "name": "Get",
                "printedName": "Get()",
                "children": [
                  {
                    "kind": "TypeNominal",
                    "name": "String",
                    "printedName": "Swift.String",
                    "usr": "s:SS"
                  }
                ],
                "declKind": "Accessor",
                "usr": "s:9IdxDmpSdk38EventRequestAdditionalPropertiesStructV14devicePlatformSSvg",
                "mangledName": "$s9IdxDmpSdk38EventRequestAdditionalPropertiesStructV14devicePlatformSSvg",
                "moduleName": "IdxDmpSdk",
                "implicit": true,
                "accessorKind": "get"
              }
            ]
          },
          {
            "kind": "Constructor",
            "name": "init",
            "printedName": "init()",
            "children": [
              {
                "kind": "TypeNominal",
                "name": "EventRequestAdditionalPropertiesStruct",
                "printedName": "IdxDmpSdk.EventRequestAdditionalPropertiesStruct",
                "usr": "s:9IdxDmpSdk38EventRequestAdditionalPropertiesStructV"
              }
            ],
            "declKind": "Constructor",
            "usr": "s:9IdxDmpSdk38EventRequestAdditionalPropertiesStructVACycfc",
            "mangledName": "$s9IdxDmpSdk38EventRequestAdditionalPropertiesStructVACycfc",
            "moduleName": "IdxDmpSdk",
            "declAttributes": [
              "AccessControl"
            ],
            "init_kind": "Designated"
          },
          {
            "kind": "Function",
            "name": "encode",
            "printedName": "encode(to:)",
            "children": [
              {
                "kind": "TypeNominal",
                "name": "Void",
                "printedName": "()"
              },
              {
                "kind": "TypeNominal",
                "name": "Encoder",
                "printedName": "any Swift.Encoder",
                "usr": "s:s7EncoderP"
              }
            ],
            "declKind": "Func",
            "usr": "s:9IdxDmpSdk38EventRequestAdditionalPropertiesStructV6encode2toys7Encoder_p_tKF",
            "mangledName": "$s9IdxDmpSdk38EventRequestAdditionalPropertiesStructV6encode2toys7Encoder_p_tKF",
            "moduleName": "IdxDmpSdk",
            "implicit": true,
            "throwing": true,
            "funcSelfKind": "NonMutating"
          }
        ],
        "declKind": "Struct",
        "usr": "s:9IdxDmpSdk38EventRequestAdditionalPropertiesStructV",
        "mangledName": "$s9IdxDmpSdk38EventRequestAdditionalPropertiesStructV",
        "moduleName": "IdxDmpSdk",
        "declAttributes": [
          "AccessControl"
        ],
        "conformances": [
          {
            "kind": "Conformance",
            "name": "Copyable",
            "printedName": "Copyable",
            "usr": "s:s8CopyableP",
            "mangledName": "$ss8CopyableP"
          },
          {
            "kind": "Conformance",
            "name": "Escapable",
            "printedName": "Escapable",
            "usr": "s:s9EscapableP",
            "mangledName": "$ss9EscapableP"
          },
          {
            "kind": "Conformance",
            "name": "Encodable",
            "printedName": "Encodable",
            "usr": "s:SE",
            "mangledName": "$sSE"
          }
        ]
      }
    ],
    "json_format_version": 8
  },
  "ConstValues": [
    {
      "filePath": "\/Users\/brainway\/w\/IdxDmpSdk\/IdxDmpSdk\/Classes\/Api.swift",
      "kind": "StringLiteral",
      "offset": 109,
      "length": 5,
      "value": "\"GET\""
    },
    {
      "filePath": "\/Users\/brainway\/w\/IdxDmpSdk\/IdxDmpSdk\/Classes\/Api.swift",
      "kind": "Dictionary",
      "offset": 156,
      "length": 3,
      "value": "[]"
    },
    {
      "filePath": "\/Users\/brainway\/w\/IdxDmpSdk\/IdxDmpSdk\/Classes\/Api.swift",
      "kind": "Dictionary",
      "offset": 202,
      "length": 3,
      "value": "[]"
    },
    {
      "filePath": "\/Users\/brainway\/w\/IdxDmpSdk\/IdxDmpSdk\/Classes\/Api.swift",
      "kind": "IntegerLiteral",
      "offset": 1330,
      "length": 1,
      "value": "0"
    },
    {
      "filePath": "\/Users\/brainway\/w\/IdxDmpSdk\/IdxDmpSdk\/Classes\/Api.swift",
      "kind": "IntegerLiteral",
      "offset": 2543,
      "length": 1,
      "value": "0"
    },
    {
      "filePath": "\/Users\/brainway\/w\/IdxDmpSdk\/IdxDmpSdk\/Classes\/Api.swift",
      "kind": "IntegerLiteral",
      "offset": 3051,
      "length": 1,
      "value": "0"
    },
    {
      "filePath": "\/Users\/brainway\/w\/IdxDmpSdk\/IdxDmpSdk\/Classes\/AsyncEventQueue.swift",
      "kind": "StringLiteral",
      "offset": 88,
      "length": 13,
      "value": "\"sdk.dmp.idx\""
    },
    {
      "filePath": "\/Users\/brainway\/w\/IdxDmpSdk\/IdxDmpSdk\/Classes\/Config.swift",
      "kind": "StringLiteral",
      "offset": 70,
      "length": 41,
      "value": "\"https:\/\/dev-event.dxmdp.com\/rest\/api\/v1\""
    },
    {
      "filePath": "\/Users\/brainway\/w\/IdxDmpSdk\/IdxDmpSdk\/Classes\/Config.swift",
      "kind": "StringLiteral",
      "offset": 155,
      "length": 28,
      "value": "\"https:\/\/dev-mngr.dxmdp.com\""
    },
    {
      "filePath": "\/Users\/brainway\/w\/IdxDmpSdk\/IdxDmpSdk\/Classes\/Config.swift",
      "kind": "StringLiteral",
      "offset": 215,
      "length": 29,
      "value": "\"\""
    },
    {
      "filePath": "\/Users\/brainway\/w\/IdxDmpSdk\/IdxDmpSdk\/Classes\/Config.swift",
      "kind": "StringLiteral",
      "offset": 237,
      "length": 1,
      "value": "\"\/state\""
    },
    {
      "filePath": "\/Users\/brainway\/w\/IdxDmpSdk\/IdxDmpSdk\/Classes\/Config.swift",
      "kind": "StringLiteral",
      "offset": 275,
      "length": 30,
      "value": "\"\""
    },
    {
      "filePath": "\/Users\/brainway\/w\/IdxDmpSdk\/IdxDmpSdk\/Classes\/Config.swift",
      "kind": "StringLiteral",
      "offset": 297,
      "length": 1,
      "value": "\"\/events\""
    },
    {
      "filePath": "\/Users\/brainway\/w\/IdxDmpSdk\/IdxDmpSdk\/Classes\/Config.swift",
      "kind": "StringLiteral",
      "offset": 341,
      "length": 36,
      "value": "\"\""
    },
    {
      "filePath": "\/Users\/brainway\/w\/IdxDmpSdk\/IdxDmpSdk\/Classes\/Config.swift",
      "kind": "StringLiteral",
      "offset": 363,
      "length": 1,
      "value": "\"\/report-error\""
    },
    {
      "filePath": "\/Users\/brainway\/w\/IdxDmpSdk\/IdxDmpSdk\/Classes\/Config.swift",
      "kind": "StringLiteral",
      "offset": 409,
      "length": 53,
      "value": "\"\""
    },
    {
      "filePath": "\/Users\/brainway\/w\/IdxDmpSdk\/IdxDmpSdk\/Classes\/Config.swift",
      "kind": "StringLiteral",
      "offset": 437,
      "length": 1,
      "value": "\"\/tags\/:providerId\/config\""
    },
    {
      "filePath": "\/Users\/brainway\/w\/IdxDmpSdk\/IdxDmpSdk\/Classes\/Config.swift",
      "kind": "StringLiteral",
      "offset": 505,
      "length": 56,
      "value": "\"\""
    },
    {
      "filePath": "\/Users\/brainway\/w\/IdxDmpSdk\/IdxDmpSdk\/Classes\/Config.swift",
      "kind": "StringLiteral",
      "offset": 533,
      "length": 1,
      "value": "\"\/tags\/page-audiences-config\""
    },
    {
      "filePath": "\/Users\/brainway\/w\/IdxDmpSdk\/IdxDmpSdk\/Classes\/Config.swift",
      "kind": "BooleanLiteral",
      "offset": 600,
      "length": 5,
      "value": "false"
    },
    {
      "filePath": "\/Users\/brainway\/w\/IdxDmpSdk\/IdxDmpSdk\/Classes\/Config.swift",
      "kind": "StringLiteral",
      "offset": 658,
      "length": 27,
      "value": "\"yyyy-MM-dd'T'HH:mm:ss.SSS\""
    },
    {
      "filePath": "\/Users\/brainway\/w\/IdxDmpSdk\/IdxDmpSdk\/Classes\/Config.swift",
      "kind": "IntegerLiteral",
      "offset": 749,
      "length": 2,
      "value": "50"
    },
    {
      "filePath": "\/Users\/brainway\/w\/IdxDmpSdk\/IdxDmpSdk\/Classes\/DataManagerProvider.swift",
      "kind": "Array",
      "offset": 476,
      "length": 2,
      "value": "[]"
    },
    {
      "filePath": "\/Users\/brainway\/w\/IdxDmpSdk\/IdxDmpSdk\/Classes\/DataManagerProvider.swift",
      "kind": "StringLiteral",
      "offset": 511,
      "length": 2,
      "value": "\"\""
    },
    {
      "filePath": "\/Users\/brainway\/w\/IdxDmpSdk\/IdxDmpSdk\/Classes\/DMPWebViewConnector.swift",
      "kind": "StringLiteral",
      "offset": 145,
      "length": 24,
      "value": "\"sendDataToDmpNativeSdk\""
    },
    {
      "filePath": "\/Users\/brainway\/w\/IdxDmpSdk\/IdxDmpSdk\/Classes\/DMPWebViewConnector.swift",
      "kind": "IntegerLiteral",
      "offset": 248,
      "length": 1,
      "value": "0"
    },
    {
      "filePath": "\/Users\/brainway\/w\/IdxDmpSdk\/IdxDmpSdk\/Classes\/DMPWebViewConnector.swift",
      "kind": "StringLiteral",
      "offset": 283,
      "length": 2,
      "value": "\"\""
    },
    {
      "filePath": "\/Users\/brainway\/w\/IdxDmpSdk\/IdxDmpSdk\/Classes\/DMPWebViewConnector.swift",
      "kind": "StringLiteral",
      "offset": 326,
      "length": 2,
      "value": "\"\""
    },
    {
      "filePath": "\/Users\/brainway\/w\/IdxDmpSdk\/IdxDmpSdk\/Classes\/Monitoring.swift",
      "kind": "IntegerLiteral",
      "offset": 46,
      "length": 1,
      "value": "0"
    },
    {
      "filePath": "\/Users\/brainway\/w\/IdxDmpSdk\/IdxDmpSdk\/Classes\/Monitoring.swift",
      "kind": "IntegerLiteral",
      "offset": 53,
      "length": 3,
      "value": "1"
    },
    {
      "filePath": "\/Users\/brainway\/w\/IdxDmpSdk\/IdxDmpSdk\/Classes\/Monitoring.swift",
      "kind": "IntegerLiteral",
      "offset": 62,
      "length": 8,
      "value": "2"
    },
    {
      "filePath": "\/Users\/brainway\/w\/IdxDmpSdk\/IdxDmpSdk\/Classes\/Monitoring.swift",
      "kind": "IntegerLiteral",
      "offset": 76,
      "length": 6,
      "value": "3"
    },
    {
      "filePath": "\/Users\/brainway\/w\/IdxDmpSdk\/IdxDmpSdk\/Classes\/Monitoring.swift",
      "kind": "Array",
      "offset": 259,
      "length": 2,
      "value": "[]"
    },
    {
      "filePath": "\/Users\/brainway\/w\/IdxDmpSdk\/IdxDmpSdk\/Classes\/Monitoring.swift",
      "kind": "StringLiteral",
      "offset": 382,
      "length": 25,
      "value": "\"org.cocoapods.IdxDmpSdk\""
    },
    {
      "filePath": "\/Users\/brainway\/w\/IdxDmpSdk\/IdxDmpSdk\/Classes\/Monitoring.swift",
      "kind": "StringLiteral",
      "offset": 426,
      "length": 28,
      "value": "\"CFBundleShortVersionString\""
    },
    {
      "filePath": "\/Users\/brainway\/w\/IdxDmpSdk\/IdxDmpSdk\/Classes\/Monitoring.swift",
      "kind": "StringLiteral",
      "offset": 470,
      "length": 7,
      "value": "\"0.0.0\""
    },
    {
      "filePath": "\/Users\/brainway\/w\/IdxDmpSdk\/CurrentPage.swift",
      "kind": "StringLiteral",
      "offset": 203,
      "length": 16,
      "value": "\"properties.url\""
    },
    {
      "filePath": "\/Users\/brainway\/w\/IdxDmpSdk\/CurrentPage.swift",
      "kind": "StringLiteral",
      "offset": 265,
      "length": 17,
      "value": "\"properties.tags\""
    },
    {
      "filePath": "\/Users\/brainway\/w\/IdxDmpSdk\/CurrentPage.swift",
      "kind": "StringLiteral",
      "offset": 329,
      "length": 18,
      "value": "\"properties.title\""
    },
    {
      "filePath": "\/Users\/brainway\/w\/IdxDmpSdk\/CurrentPage.swift",
      "kind": "StringLiteral",
      "offset": 395,
      "length": 19,
      "value": "\"properties.author\""
    },
    {
      "filePath": "\/Users\/brainway\/w\/IdxDmpSdk\/CurrentPage.swift",
      "kind": "StringLiteral",
      "offset": 463,
      "length": 19,
      "value": "\"properties.domain\""
    },
    {
      "filePath": "\/Users\/brainway\/w\/IdxDmpSdk\/CurrentPage.swift",
      "kind": "StringLiteral",
      "offset": 531,
      "length": 21,
      "value": "\"properties.category\""
    },
    {
      "filePath": "\/Users\/brainway\/w\/IdxDmpSdk\/CurrentPage.swift",
      "kind": "StringLiteral",
      "offset": 603,
      "length": 24,
      "value": "\"properties.description\""
    },
    {
      "filePath": "\/Users\/brainway\/w\/IdxDmpSdk\/CurrentPage.swift",
      "kind": "StringLiteral",
      "offset": 681,
      "length": 8,
      "value": "\"geoGps\""
    },
    {
      "filePath": "\/Users\/brainway\/w\/IdxDmpSdk\/IdxDmpSdk\/Classes\/StorageObjects.swift",
      "kind": "BooleanLiteral",
      "offset": 535,
      "length": 4,
      "value": "true"
    }
  ]
}